country,amount,datetime,type,fraud
NL,170.59,2024-04-16 06:06:00,credit_card,0
DE,59.39,2024-03-07 19:13:00,paypal,0
DE,391.27,2024-01-29 18:03:00,paypal,0
FR,203.22,2024-04-21 07:35:00,bank,0
FR,376.93,2024-01-29 01:41:00,paypal,0
FR,223.52,2024-01-14 09:15:00,bank,0
FR,321.5,2024-01-26 04:40:00,credit_card,0
US,4759.44,2024-02-14 13:56:00,credit_card,1
UK,337.46,2024-04-02 10:00:00,bank,0
FR,121.04,2024-01-19 16:15:00,paypal,0
ES,389.85,2024-04-10 17:39:00,credit_card,0
UK,4346.11,2024-03-13 00:32:00,credit_card,1
IT,274.84,2024-03-31 14:20:00,paypal,0
ES,271.56,2024-03-26 19:54:00,credit_card,0
DE,295.62,2024-01-12 02:19:00,paypal,0
IT,222.4,2024-03-05 01:05:00,paypal,0
FR,285.28,2024-05-07 11:18:00,paypal,0
DE,100.24,2024-04-29 14:55:00,bank,0
DE,134.05,2024-03-16 15:21:00,bank,0
ES,196.74,2024-04-08 03:56:00,paypal,0
FR,230.91,2024-04-14 15:23:00,bank,0
UK,388.9,2024-05-18 17:03:00,bank,0
NL,114.52,2024-06-28 03:17:00,credit_card,0
UK,32.24,2024-04-27 21:09:00,bank,0
FR,369.58,2024-01-13 05:18:00,paypal,0
FR,112.1,2024-04-12 07:29:00,paypal,0
IT,150.3,2024-06-21 10:04:00,credit_card,0
FR,20.13,2024-06-16 00:09:00,credit_card,0
FR,123.29,2024-01-06 06:28:00,paypal,0
IT,115.05,2024-01-13 15:18:00,bank,0
IT,55.3,2024-06-27 04:06:00,paypal,0
NL,375.51,2024-02-26 08:35:00,paypal,0
UK,222.91,2024-03-18 20:35:00,bank,0
UK,341.45,2024-06-04 03:56:00,credit_card,0
ES,92.1,2024-06-28 05:06:00,credit_card,0
DE,141.09,2024-01-12 14:34:00,bank,0
NL,184.22,2024-04-20 05:09:00,bank,0
NL,228.54,2024-05-24 06:34:00,bank,0
UK,112.48,2024-04-30 12:03:00,credit_card,0
UK,45.25,2024-05-20 15:01:00,credit_card,0
FR,86.9,2024-02-29 04:09:00,paypal,0
FR,53.4,2024-03-22 20:18:00,bank,0
ES,375.88,2024-05-17 10:29:00,paypal,0
IT,266.72,2024-03-13 21:36:00,bank,0
UK,2485.16,2024-02-08 09:47:00,paypal,1
FR,306.84,2024-02-22 16:36:00,credit_card,0
NL,169.26,2024-04-09 23:38:00,bank,0
IT,325.33,2024-06-01 10:33:00,credit_card,0
FR,392.02,2024-01-30 09:57:00,paypal,0
DE,26.04,2024-04-01 09:18:00,bank,0
IT,247.85,2024-02-13 19:02:00,credit_card,0
ES,328.28,2024-05-16 17:46:00,credit_card,0
DE,379.09,2024-04-27 21:53:00,bank,0
UK,174.88,2024-06-10 16:07:00,credit_card,0
IT,207.73,2024-01-20 20:27:00,bank,0
FR,50.34,2024-02-10 22:12:00,bank,0
FR,354.43,2024-06-18 09:17:00,bank,0
NL,237.18,2024-05-19 18:29:00,paypal,0
FR,353.49,2024-02-02 00:01:00,bank,0
ES,255.07,2024-04-09 19:48:00,paypal,0
IT,270.77,2024-05-02 09:30:00,bank,0
DE,218.07,2024-06-22 07:00:00,paypal,0
UK,141.81,2024-03-21 12:46:00,credit_card,0
ES,306.33,2024-03-09 16:03:00,paypal,0
IT,276.52,2024-06-17 04:37:00,credit_card,0
FR,88.35,2024-04-30 05:27:00,paypal,0
IT,397.18,2024-03-10 15:04:00,bank,0
DE,355.47,2024-01-25 16:43:00,credit_card,0
IT,321.79,2024-05-30 07:07:00,paypal,0
FR,182.48,2024-04-03 10:52:00,bank,0
IT,288.48,2024-01-31 08:04:00,paypal,0
DE,333.99,2024-03-11 21:39:00,credit_card,0
IT,72.03,2024-01-16 10:28:00,paypal,0
DE,187.39,2024-01-07 20:18:00,bank,0
IT,318.59,2024-03-24 05:09:00,paypal,0
NL,292.01,2024-06-10 04:25:00,paypal,0
NL,11.49,2024-04-03 19:42:00,paypal,0
ES,121.62,2024-06-27 00:42:00,paypal,0
IT,368.16,2024-04-06 16:31:00,paypal,0
UK,3849.8,2024-05-30 23:43:00,credit_card,1
IT,301.04,2024-06-17 12:43:00,paypal,0
FR,128.1,2024-02-29 01:15:00,bank,0
ES,352.93,2024-03-29 05:44:00,bank,0
DE,270.12,2024-03-14 22:45:00,credit_card,0
NL,44.2,2024-05-18 20:26:00,paypal,0
IT,101.27,2024-04-10 08:30:00,bank,0
DE,370.91,2024-06-03 12:00:00,credit_card,0
UK,143.86,2024-01-08 17:03:00,bank,0
FR,165.53,2024-03-28 15:05:00,credit_card,0
FR,390.6,2024-05-27 14:18:00,credit_card,0
NL,244.5,2024-05-23 22:47:00,bank,0
UK,220.06,2024-06-27 00:15:00,bank,0
UK,161.68,2024-05-10 03:56:00,bank,0
NL,32.1,2024-05-19 07:01:00,credit_card,0
UK,101.67,2024-01-09 01:16:00,credit_card,0
FR,266.12,2024-01-05 16:38:00,credit_card,0
FR,94.86,2024-02-02 15:59:00,bank,0
FR,379.26,2024-04-04 11:05:00,bank,0
FR,141.73,2024-02-20 04:19:00,bank,0
DE,255.12,2024-04-06 14:14:00,paypal,0
FR,399.99,2024-01-29 04:57:00,credit_card,0
UK,109.54,2024-02-08 09:02:00,paypal,0
DE,310.21,2024-06-04 12:59:00,bank,0
IT,125.55,2024-05-24 18:55:00,bank,0
DE,118.33,2024-03-19 06:12:00,bank,0
DE,338.55,2024-01-19 09:53:00,bank,0
UK,5509.55,2024-03-13 17:00:00,paypal,1
DE,186.02,2024-04-12 11:45:00,credit_card,0
NL,289.17,2024-05-15 01:37:00,paypal,0
UK,266.44,2024-03-29 14:17:00,paypal,0
FR,373.83,2024-05-11 06:39:00,bank,0
NL,142.15,2024-03-18 23:36:00,credit_card,0
IT,44.11,2024-03-30 01:59:00,paypal,0
ES,22.51,2024-04-09 09:34:00,credit_card,0
NL,50.68,2024-06-12 17:59:00,paypal,0
NL,136.68,2024-04-16 02:01:00,credit_card,0
FR,221.94,2024-06-17 21:03:00,bank,0
DE,379.36,2024-03-25 15:45:00,paypal,0
NL,100.98,2024-03-27 02:27:00,bank,0
UK,247.89,2024-06-19 10:29:00,bank,0
FR,361.46,2024-01-30 23:18:00,bank,0
IT,330.85,2024-01-01 05:01:00,paypal,0
ES,284.67,2024-01-24 01:02:00,credit_card,0
ES,116.72,2024-02-24 08:24:00,credit_card,0
FR,333.38,2024-05-20 08:58:00,credit_card,0
UK,2976.87,2024-02-08 03:21:00,credit_card,1
FR,366.05,2024-06-20 21:13:00,bank,0
FR,58.61,2024-01-14 11:32:00,credit_card,0
FR,6.28,2024-05-11 10:52:00,bank,0
ES,231.05,2024-03-26 02:07:00,paypal,0
ES,34.3,2024-03-25 19:15:00,paypal,0
FR,289.91,2024-02-27 10:39:00,credit_card,0
IT,85.59,2024-04-20 10:32:00,bank,0
ES,367.31,2024-01-21 10:14:00,credit_card,0
NL,367.4,2024-01-23 02:13:00,credit_card,0
UK,349.67,2024-03-21 18:27:00,paypal,0
FR,100.34,2024-03-14 23:42:00,credit_card,0
NL,399.83,2024-05-02 09:14:00,credit_card,0
IT,40.57,2024-03-12 14:06:00,credit_card,0
IT,219.33,2024-03-16 16:32:00,bank,0
ES,142.23,2024-01-12 19:43:00,paypal,0
ES,267.22,2024-04-22 17:35:00,paypal,0
ES,339.97,2024-05-11 00:39:00,paypal,0
UK,34.03,2024-01-15 16:58:00,bank,0
DE,209.65,2024-02-25 08:44:00,credit_card,0
ES,258.27,2024-06-08 03:04:00,credit_card,0
ES,75.5,2024-04-07 19:19:00,credit_card,0
NL,187.36,2024-02-21 07:04:00,bank,0
IT,362.61,2024-06-03 00:41:00,bank,0
NL,257.38,2024-03-18 05:50:00,bank,0
ES,92.44,2024-01-12 12:11:00,paypal,0
FR,391.44,2024-04-27 13:53:00,paypal,0
IT,201.52,2024-06-17 06:22:00,paypal,0
UK,172.25,2024-03-06 20:51:00,paypal,0
NL,321.45,2024-05-12 08:40:00,bank,0
IT,272.16,2024-02-13 05:47:00,bank,0
UK,308.15,2024-05-03 22:42:00,paypal,0
US,4735.06,2024-05-03 04:32:00,credit_card,1
UK,220.51,2024-05-31 22:24:00,credit_card,0
IT,381.84,2024-02-24 23:13:00,bank,0
NL,271.62,2024-04-11 08:25:00,paypal,0
IT,257.86,2024-02-22 16:54:00,paypal,0
UK,74.32,2024-06-04 20:33:00,credit_card,0
IT,318.27,2024-01-21 19:52:00,credit_card,0
UK,1645.18,2024-01-18 14:33:00,credit_card,1
FR,126.76,2024-06-12 15:42:00,credit_card,0
IT,118.4,2024-02-02 18:21:00,credit_card,0
UK,368.77,2024-02-11 09:54:00,paypal,0
FR,282.62,2024-06-21 09:58:00,paypal,0
FR,310.88,2024-05-23 13:38:00,bank,0
NL,259.18,2024-02-29 19:08:00,bank,0
UK,144.7,2024-04-11 22:10:00,credit_card,0
ES,243.1,2024-06-18 00:28:00,paypal,0
ES,101.73,2024-05-26 23:21:00,bank,0
ES,392.11,2024-06-21 13:27:00,paypal,0
ES,157.54,2024-01-15 20:32:00,credit_card,0
ES,54.12,2024-05-05 08:52:00,bank,0
ES,321.43,2024-05-03 16:23:00,paypal,0
DE,361.64,2024-02-06 19:14:00,paypal,0
FR,242.97,2024-03-14 01:41:00,credit_card,0
DE,232.42,2024-04-14 09:13:00,bank,0
NL,50.91,2024-02-07 09:24:00,bank,0
UK,387.78,2024-03-26 13:30:00,bank,0
IT,261.58,2024-02-15 10:34:00,bank,0
UK,363.82,2024-05-30 11:36:00,credit_card,0
NL,279.12,2024-03-30 10:05:00,bank,0
IT,286.18,2024-03-22 14:06:00,paypal,0
UK,4842.28,2024-01-30 01:33:00,credit_card,1
UK,41.24,2024-04-06 13:42:00,credit_card,0
IT,382.07,2024-05-26 11:25:00,bank,0
FR,149.7,2024-03-10 16:42:00,paypal,0
IT,34.13,2024-06-26 00:23:00,paypal,0
UK,18.75,2024-01-13 05:44:00,bank,0
ES,129.89,2024-05-16 20:56:00,bank,0
UK,135.8,2024-01-06 00:35:00,paypal,0
FR,336.5,2024-04-23 02:39:00,credit_card,0
IT,175.09,2024-05-29 16:51:00,credit_card,0
FR,14.35,2024-02-05 03:47:00,credit_card,0
UK,4827.75,2024-06-05 18:12:00,credit_card,1
IT,210.37,2024-05-26 19:41:00,credit_card,0
ES,55.07,2024-03-17 15:12:00,credit_card,0
DE,166.16,2024-02-10 21:43:00,paypal,0
IT,271.87,2024-04-03 01:21:00,bank,0
UK,340.88,2024-01-07 18:57:00,paypal,0
NL,386.84,2024-02-09 03:58:00,bank,0
UK,188.26,2024-04-12 14:59:00,bank,0
NL,48.92,2024-02-22 10:44:00,bank,0
FR,287.9,2024-02-13 10:50:00,paypal,0
FR,50.59,2024-01-20 11:38:00,bank,0
NL,241.58,2024-03-29 22:45:00,credit_card,0
DE,44.39,2024-06-14 17:46:00,bank,0
UK,1735.45,2024-03-20 03:31:00,paypal,1
ES,273.76,2024-01-22 15:05:00,paypal,0
ES,48.29,2024-03-16 19:53:00,paypal,0
FR,52.36,2024-06-11 01:43:00,bank,0
UK,3046.88,2024-04-18 11:28:00,credit_card,1
NL,113.0,2024-05-31 22:57:00,paypal,0
NL,266.46,2024-06-08 13:01:00,credit_card,0
NL,373.04,2024-01-19 20:34:00,bank,0
FR,186.74,2024-05-05 12:57:00,paypal,0
FR,57.2,2024-04-08 04:42:00,credit_card,0
ES,162.3,2024-05-28 10:33:00,paypal,0
IT,298.74,2024-03-27 09:53:00,credit_card,0
NL,94.88,2024-01-10 08:22:00,paypal,0
UK,388.58,2024-01-10 04:58:00,paypal,0
IT,273.16,2024-01-10 12:47:00,bank,0
FR,80.1,2024-02-15 15:00:00,paypal,0
IT,244.47,2024-04-03 20:16:00,credit_card,0
ES,258.39,2024-03-13 18:13:00,bank,0
FR,284.25,2024-05-07 23:23:00,bank,0
NL,200.1,2024-06-19 20:38:00,paypal,0
ES,261.81,2024-05-22 05:15:00,credit_card,0
IT,326.93,2024-06-11 09:17:00,paypal,0
IT,63.29,2024-05-05 04:16:00,credit_card,0
NL,263.61,2024-03-25 15:33:00,paypal,0
ES,340.58,2024-05-29 16:49:00,credit_card,0
NL,123.88,2024-04-09 17:58:00,paypal,0
UK,270.98,2024-06-28 03:53:00,credit_card,0
IT,394.2,2024-02-18 06:41:00,credit_card,0
US,4211.74,2024-05-24 04:38:00,credit_card,1
UK,351.69,2024-04-10 08:49:00,paypal,0
FR,160.59,2024-05-24 16:57:00,credit_card,0
IT,83.83,2024-06-16 04:46:00,credit_card,0
FR,303.69,2024-06-27 03:05:00,credit_card,0
ES,373.64,2024-06-09 08:33:00,credit_card,0
NL,79.35,2024-04-20 03:18:00,paypal,0
NL,269.66,2024-03-15 18:51:00,bank,0
NL,105.06,2024-05-17 03:10:00,bank,0
NL,54.44,2024-02-25 03:03:00,bank,0
DE,149.12,2024-01-24 22:08:00,paypal,0
FR,209.59,2024-01-10 03:24:00,paypal,0
UK,4581.94,2024-01-09 08:12:00,credit_card,1
ES,226.85,2024-02-28 02:14:00,paypal,0
IT,16.46,2024-03-02 04:34:00,bank,0
ES,300.19,2024-03-06 00:10:00,bank,0
FR,218.39,2024-05-25 08:45:00,credit_card,0
ES,280.4,2024-04-10 22:15:00,bank,0
IT,172.31,2024-03-26 00:27:00,bank,0
FR,273.74,2024-04-18 11:09:00,credit_card,0
NL,236.65,2024-04-12 05:36:00,credit_card,0
US,5144.65,2024-05-26 13:17:00,credit_card,1
UK,80.66,2024-05-14 11:00:00,credit_card,0
ES,50.79,2024-05-20 15:18:00,bank,0
IT,304.48,2024-05-05 17:19:00,paypal,0
DE,181.47,2024-05-08 02:48:00,paypal,0
IT,203.5,2024-06-11 22:49:00,paypal,0
ES,137.87,2024-05-30 18:51:00,paypal,0
NL,78.99,2024-05-01 15:28:00,bank,0
UK,80.36,2024-03-21 06:55:00,credit_card,0
ES,356.35,2024-05-15 07:33:00,bank,0
IT,300.51,2024-02-01 16:20:00,paypal,0
IT,64.59,2024-01-12 06:19:00,paypal,0
UK,113.42,2024-04-13 00:34:00,bank,0
IT,56.03,2024-04-06 22:53:00,credit_card,0
DE,106.09,2024-06-01 00:00:00,credit_card,0
ES,314.25,2024-05-21 07:06:00,paypal,0
FR,381.63,2024-06-16 22:10:00,paypal,0
NL,248.9,2024-02-12 17:43:00,credit_card,0
IT,329.74,2024-03-13 22:43:00,credit_card,0
ES,321.88,2024-06-06 07:09:00,bank,0
UK,300.2,2024-02-08 22:55:00,bank,0
FR,53.13,2024-02-13 09:45:00,bank,0
NL,244.01,2024-05-03 14:52:00,credit_card,0
UK,341.9,2024-04-02 00:09:00,paypal,0
FR,217.74,2024-03-03 19:52:00,bank,0
UK,367.11,2024-02-26 11:25:00,credit_card,0
ES,103.22,2024-02-04 15:02:00,credit_card,0
FR,238.88,2024-05-31 04:49:00,credit_card,0
FR,88.79,2024-05-25 05:46:00,bank,0
NL,334.87,2024-06-09 20:51:00,paypal,0
UK,197.22,2024-05-01 10:44:00,paypal,0
UK,74.97,2024-05-20 16:37:00,credit_card,0
NL,375.93,2024-02-20 22:12:00,bank,0
ES,303.2,2024-01-21 17:16:00,credit_card,0
FR,379.86,2024-05-30 00:56:00,credit_card,0
IT,300.27,2024-04-09 10:05:00,paypal,0
UK,202.6,2024-05-31 16:58:00,credit_card,0
UK,66.4,2024-02-21 07:00:00,paypal,0
NL,12.72,2024-06-09 07:38:00,paypal,0
NL,319.72,2024-05-12 00:59:00,bank,0
DE,87.98,2024-02-15 10:12:00,bank,0
NL,197.85,2024-02-19 16:28:00,credit_card,0
IT,153.38,2024-05-04 06:53:00,bank,0
ES,271.03,2024-04-09 02:43:00,bank,0
FR,43.38,2024-04-24 05:24:00,paypal,0
UK,124.14,2024-04-27 02:47:00,paypal,0
FR,107.76,2024-02-29 14:13:00,credit_card,0
IT,232.92,2024-05-04 23:09:00,credit_card,0
NL,15.65,2024-03-12 17:30:00,paypal,0
UK,130.23,2024-03-04 11:56:00,bank,0
UK,58.6,2024-03-25 01:11:00,bank,0
ES,115.47,2024-04-18 12:38:00,bank,0
US,3625.71,2024-01-05 19:56:00,credit_card,1
ES,357.75,2024-01-15 16:02:00,bank,0
FR,394.13,2024-05-24 04:35:00,credit_card,0
FR,138.88,2024-03-23 13:22:00,bank,0
DE,99.75,2024-04-10 11:41:00,credit_card,0
IT,182.89,2024-04-10 02:21:00,paypal,0
UK,322.57,2024-04-04 12:59:00,bank,0
UK,33.47,2024-06-05 21:06:00,bank,0
ES,398.79,2024-03-20 08:24:00,credit_card,0
UK,117.87,2024-01-02 11:43:00,bank,0
IT,389.95,2024-05-28 23:45:00,paypal,0
FR,171.08,2024-06-20 04:30:00,credit_card,0
UK,155.46,2024-04-18 18:02:00,bank,0
IT,211.49,2024-01-29 21:34:00,paypal,0
NL,356.32,2024-05-13 17:13:00,credit_card,0
FR,102.86,2024-03-20 16:35:00,credit_card,0
IT,291.21,2024-06-26 18:51:00,bank,0
FR,280.06,2024-03-30 23:58:00,paypal,0
IT,333.29,2024-05-18 03:25:00,paypal,0
DE,150.96,2024-01-29 17:12:00,credit_card,0
FR,365.49,2024-06-07 11:21:00,paypal,0
FR,225.44,2024-02-10 22:27:00,bank,0
FR,209.99,2024-03-21 12:07:00,bank,0
UK,351.31,2024-01-02 16:29:00,bank,0
UK,259.11,2024-05-06 05:07:00,paypal,0
ES,45.92,2024-04-02 08:55:00,bank,0
NL,274.05,2024-06-09 13:43:00,bank,0
UK,378.66,2024-03-17 07:11:00,paypal,0
ES,341.37,2024-06-24 13:34:00,paypal,0
IT,282.9,2024-04-21 08:27:00,paypal,0
DE,389.39,2024-04-20 20:12:00,credit_card,0
UK,155.1,2024-02-27 15:30:00,paypal,0
DE,368.7,2024-04-23 10:36:00,paypal,0
FR,386.31,2024-03-01 10:30:00,paypal,0
UK,16.44,2024-02-19 17:56:00,bank,0
DE,353.24,2024-02-14 09:27:00,bank,0
UK,112.01,2024-02-15 18:23:00,bank,0
NL,202.01,2024-02-26 04:02:00,bank,0
FR,203.63,2024-06-07 01:16:00,bank,0
NL,132.31,2024-02-14 16:35:00,bank,0
UK,320.27,2024-05-11 19:59:00,paypal,0
IT,272.66,2024-01-29 18:12:00,bank,0
ES,105.85,2024-01-02 17:03:00,bank,0
NL,13.03,2024-06-07 23:38:00,paypal,0
FR,303.0,2024-01-10 01:24:00,credit_card,0
UK,307.92,2024-01-31 13:04:00,bank,0
UK,178.05,2024-04-04 05:19:00,bank,0
US,3024.61,2024-03-23 12:58:00,credit_card,1
FR,242.95,2024-05-18 09:25:00,credit_card,0
UK,306.72,2024-03-07 14:48:00,bank,0
FR,147.9,2024-05-17 16:57:00,paypal,0
UK,157.5,2024-04-30 19:42:00,bank,0
UK,200.65,2024-01-07 17:44:00,credit_card,0
NL,311.4,2024-03-10 05:53:00,credit_card,0
ES,377.92,2024-04-26 02:53:00,paypal,0
FR,170.83,2024-03-03 01:23:00,bank,0
FR,128.13,2024-05-02 06:38:00,paypal,0
IT,172.09,2024-06-23 06:35:00,bank,0
FR,21.62,2024-06-22 21:49:00,bank,0
NL,289.87,2024-01-08 22:53:00,credit_card,0
NL,362.84,2024-03-04 14:26:00,credit_card,0
ES,397.6,2024-01-22 13:31:00,credit_card,0
FR,89.51,2024-03-16 12:35:00,paypal,0
US,1352.56,2024-01-18 01:21:00,paypal,1
NL,24.22,2024-02-21 05:15:00,bank,0
IT,42.26,2024-04-29 23:08:00,credit_card,0
NL,371.91,2024-04-14 19:41:00,credit_card,0
ES,302.62,2024-06-04 08:46:00,bank,0
UK,247.93,2024-04-02 07:24:00,credit_card,0
UK,182.2,2024-01-01 22:56:00,bank,0
ES,129.87,2024-03-21 01:21:00,paypal,0
NL,8.04,2024-02-24 20:55:00,credit_card,0
NL,181.34,2024-05-02 08:06:00,credit_card,0
UK,369.01,2024-03-04 21:38:00,bank,0
NL,129.97,2024-02-17 11:18:00,paypal,0
ES,117.74,2024-01-11 18:29:00,bank,0
NL,72.35,2024-04-24 12:15:00,bank,0
DE,371.99,2024-06-08 23:11:00,credit_card,0
DE,314.37,2024-06-06 19:53:00,paypal,0
ES,127.17,2024-03-15 08:17:00,paypal,0
IT,301.95,2024-06-01 21:25:00,bank,0
ES,244.79,2024-03-05 03:18:00,credit_card,0
FR,303.33,2024-05-05 14:04:00,paypal,0
ES,283.09,2024-02-09 01:28:00,bank,0
DE,168.25,2024-05-10 14:11:00,credit_card,0
DE,319.48,2024-02-23 09:44:00,bank,0
UK,28.92,2024-02-20 05:20:00,bank,0
ES,6.4,2024-05-20 09:04:00,credit_card,0
IT,349.72,2024-04-14 12:07:00,credit_card,0
ES,196.25,2024-06-23 06:40:00,paypal,0
IT,130.68,2024-03-27 02:27:00,credit_card,0
NL,385.68,2024-05-10 18:33:00,paypal,0
DE,75.53,2024-06-24 05:22:00,bank,0
NL,271.97,2024-06-06 22:50:00,bank,0
DE,69.19,2024-03-24 13:01:00,bank,0
DE,261.73,2024-05-24 01:35:00,paypal,0
IT,340.65,2024-01-14 06:11:00,paypal,0
ES,203.21,2024-02-19 14:41:00,paypal,0
ES,64.82,2024-05-05 16:50:00,bank,0
FR,368.22,2024-06-27 12:50:00,bank,0
DE,348.6,2024-04-13 02:17:00,credit_card,0
ES,367.59,2024-03-11 12:38:00,bank,0
NL,96.71,2024-04-26 03:02:00,credit_card,0
UK,389.57,2024-06-14 18:32:00,paypal,0
DE,371.99,2024-05-30 23:58:00,paypal,0
NL,374.16,2024-01-13 13:32:00,credit_card,0
IT,334.79,2024-03-26 14:48:00,bank,0
DE,231.78,2024-04-07 10:06:00,paypal,0
ES,315.64,2024-03-20 10:38:00,paypal,0
NL,119.69,2024-02-24 14:31:00,paypal,0
DE,32.99,2024-02-13 07:51:00,bank,0
UK,5861.18,2024-06-05 16:48:00,paypal,1
UK,302.92,2024-06-21 20:55:00,credit_card,0
DE,41.83,2024-01-18 13:53:00,credit_card,0
DE,135.27,2024-05-06 06:42:00,credit_card,0
ES,283.44,2024-05-05 15:42:00,bank,0
ES,63.59,2024-01-23 23:20:00,paypal,0
ES,247.78,2024-02-09 21:23:00,bank,0
IT,244.8,2024-03-16 09:35:00,bank,0
UK,27.58,2024-04-16 08:18:00,bank,0
IT,293.2,2024-02-26 21:32:00,bank,0
NL,219.56,2024-06-12 01:38:00,paypal,0
DE,266.06,2024-02-25 19:06:00,bank,0
UK,317.35,2024-04-13 08:40:00,bank,0
IT,374.03,2024-04-02 10:20:00,bank,0
IT,342.9,2024-01-19 02:05:00,credit_card,0
IT,246.08,2024-03-09 23:49:00,paypal,0
UK,392.42,2024-03-28 02:44:00,bank,0
FR,43.24,2024-02-22 19:57:00,credit_card,0
NL,117.6,2024-05-18 22:06:00,credit_card,0
UK,82.83,2024-03-19 12:22:00,paypal,0
ES,184.47,2024-04-26 17:56:00,bank,0
DE,217.37,2024-04-02 02:14:00,credit_card,0
IT,99.5,2024-03-21 01:49:00,paypal,0
NL,38.83,2024-03-29 11:19:00,credit_card,0
UK,224.54,2024-04-04 01:10:00,bank,0
DE,272.96,2024-02-21 17:27:00,paypal,0
IT,92.51,2024-04-21 23:26:00,paypal,0
ES,177.5,2024-01-20 06:31:00,credit_card,0
ES,163.33,2024-01-18 08:44:00,credit_card,0
FR,384.51,2024-01-15 14:00:00,credit_card,0
ES,175.12,2024-02-14 10:54:00,bank,0
FR,14.79,2024-05-14 02:05:00,bank,0
UK,4097.88,2024-05-26 22:23:00,paypal,1
NL,193.41,2024-06-20 14:54:00,bank,0
ES,27.19,2024-04-02 08:35:00,paypal,0
NL,288.46,2024-02-07 01:31:00,credit_card,0
IT,170.16,2024-06-24 06:02:00,paypal,0
UK,364.21,2024-02-25 00:17:00,bank,0
IT,290.37,2024-03-15 15:13:00,credit_card,0
NL,399.57,2024-03-30 03:16:00,paypal,0
UK,99.52,2024-01-10 05:47:00,paypal,0
ES,103.99,2024-04-25 14:36:00,credit_card,0
UK,19.61,2024-02-06 16:45:00,bank,0
ES,27.88,2024-06-08 20:04:00,credit_card,0
UK,5987.16,2024-01-26 04:22:00,credit_card,1
FR,14.65,2024-02-14 13:44:00,credit_card,0
NL,288.83,2024-02-23 00:35:00,credit_card,0
ES,251.19,2024-03-13 08:37:00,bank,0
UK,266.54,2024-01-24 11:23:00,paypal,0
NL,236.62,2024-05-28 00:16:00,credit_card,0
ES,38.31,2024-04-27 14:58:00,paypal,0
FR,379.33,2024-03-29 12:33:00,bank,0
UK,110.39,2024-05-23 08:05:00,credit_card,0
ES,47.82,2024-03-20 02:38:00,credit_card,0
UK,2471.42,2024-02-14 21:31:00,credit_card,1
FR,61.4,2024-04-20 14:31:00,credit_card,0
FR,373.4,2024-02-23 03:09:00,bank,0
UK,365.42,2024-01-18 00:18:00,paypal,0
FR,65.51,2024-05-16 02:54:00,bank,0
UK,309.74,2024-05-13 20:04:00,credit_card,0
NL,198.49,2024-04-12 11:27:00,paypal,0
NL,266.88,2024-01-16 06:46:00,paypal,0
NL,38.56,2024-01-10 13:51:00,paypal,0
IT,109.46,2024-01-23 11:58:00,credit_card,0
FR,365.29,2024-03-03 07:38:00,bank,0
NL,255.94,2024-04-23 16:34:00,paypal,0
ES,136.66,2024-05-01 23:51:00,bank,0
ES,349.61,2024-03-18 00:43:00,paypal,0
UK,8.09,2024-05-28 17:58:00,paypal,0
FR,146.51,2024-05-23 12:42:00,credit_card,0
US,2258.11,2024-04-17 06:32:00,paypal,1
UK,278.64,2024-01-12 07:25:00,bank,0
US,4472.21,2024-04-07 18:03:00,credit_card,1
ES,300.84,2024-04-13 14:54:00,paypal,0
UK,230.86,2024-02-12 12:26:00,credit_card,0
UK,284.39,2024-03-20 06:40:00,bank,0
FR,100.67,2024-04-14 05:35:00,paypal,0
DE,121.22,2024-03-14 14:51:00,credit_card,0
ES,237.38,2024-02-11 21:23:00,credit_card,0
UK,188.83,2024-01-30 01:48:00,credit_card,0
UK,67.44,2024-03-16 15:52:00,credit_card,0
ES,155.51,2024-04-26 05:51:00,paypal,0
IT,234.23,2024-06-22 17:06:00,bank,0
DE,354.27,2024-04-12 04:49:00,paypal,0
UK,379.01,2024-01-31 01:27:00,bank,0
DE,179.67,2024-02-25 03:02:00,bank,0
IT,353.52,2024-04-29 02:30:00,paypal,0
IT,266.79,2024-04-26 19:38:00,credit_card,0
FR,189.87,2024-02-05 02:24:00,paypal,0
IT,229.61,2024-01-11 23:09:00,bank,0
FR,335.2,2024-04-14 17:04:00,paypal,0
IT,117.55,2024-05-16 06:24:00,paypal,0
UK,177.31,2024-03-24 16:41:00,credit_card,0
IT,359.98,2024-03-22 00:43:00,credit_card,0
UK,94.14,2024-02-12 09:16:00,paypal,0
UK,15.53,2024-03-27 09:30:00,paypal,0
FR,80.29,2024-04-19 02:43:00,bank,0
NL,299.54,2024-03-27 16:45:00,credit_card,0
NL,184.66,2024-02-27 06:08:00,credit_card,0
IT,177.05,2024-05-13 01:54:00,bank,0
UK,288.85,2024-01-03 13:32:00,bank,0
FR,108.01,2024-02-12 21:00:00,credit_card,0
NL,49.19,2024-06-21 00:59:00,credit_card,0
UK,156.1,2024-01-08 01:11:00,credit_card,0
DE,386.06,2024-01-20 16:17:00,credit_card,0
UK,182.64,2024-05-27 10:08:00,credit_card,0
UK,118.01,2024-06-05 22:44:00,credit_card,0
ES,13.6,2024-02-16 07:44:00,paypal,0
UK,355.54,2024-03-29 19:52:00,paypal,0
DE,91.07,2024-01-14 07:04:00,paypal,0
US,5245.69,2024-05-21 06:23:00,paypal,1
US,5929.06,2024-06-04 16:56:00,paypal,1
FR,237.6,2024-04-05 09:13:00,bank,0
DE,162.27,2024-05-10 12:19:00,bank,0
ES,306.43,2024-03-31 16:57:00,credit_card,0
DE,389.99,2024-01-13 07:41:00,paypal,0
DE,335.49,2024-03-31 23:47:00,credit_card,0
DE,324.17,2024-06-04 19:46:00,bank,0
UK,152.2,2024-01-24 16:28:00,paypal,0
NL,240.91,2024-01-29 01:56:00,credit_card,0
IT,138.92,2024-02-04 00:13:00,bank,0
FR,104.73,2024-06-05 20:55:00,credit_card,0
US,3773.89,2024-06-26 03:36:00,paypal,1
DE,117.86,2024-02-19 11:08:00,paypal,0
FR,122.2,2024-06-25 08:21:00,credit_card,0
UK,190.62,2024-01-06 22:36:00,paypal,0
IT,355.02,2024-04-14 19:08:00,bank,0
DE,316.24,2024-02-03 22:00:00,bank,0
UK,2533.78,2024-02-09 04:43:00,paypal,1
UK,95.43,2024-06-13 19:50:00,credit_card,0
NL,233.67,2024-01-08 05:38:00,credit_card,0
NL,65.37,2024-05-18 19:27:00,credit_card,0
DE,295.59,2024-03-31 20:21:00,credit_card,0
ES,103.67,2024-06-17 01:48:00,bank,0
UK,141.08,2024-06-08 19:51:00,paypal,0
UK,331.66,2024-04-03 19:17:00,bank,0
DE,37.08,2024-06-21 16:15:00,credit_card,0
FR,132.45,2024-05-09 03:07:00,credit_card,0
IT,154.81,2024-02-11 19:25:00,paypal,0
IT,302.04,2024-05-31 10:43:00,bank,0
FR,132.89,2024-02-01 17:17:00,paypal,0
FR,134.1,2024-05-18 13:51:00,bank,0
IT,215.93,2024-02-26 08:05:00,credit_card,0
IT,256.09,2024-06-27 14:13:00,credit_card,0
NL,205.39,2024-06-28 22:05:00,paypal,0
IT,179.61,2024-01-10 09:29:00,paypal,0
DE,151.36,2024-03-21 17:10:00,paypal,0
NL,41.9,2024-04-26 16:31:00,paypal,0
DE,354.89,2024-02-27 10:51:00,credit_card,0
ES,20.89,2024-05-17 16:11:00,paypal,0
FR,264.41,2024-02-10 19:44:00,credit_card,0
DE,6.06,2024-03-23 00:16:00,credit_card,0
UK,51.09,2024-01-09 06:07:00,bank,0
ES,200.25,2024-02-29 04:00:00,credit_card,0
FR,96.35,2024-05-06 07:54:00,credit_card,0
FR,74.15,2024-04-20 22:54:00,credit_card,0
FR,45.61,2024-02-16 14:20:00,credit_card,0
NL,337.8,2024-04-12 14:29:00,bank,0
NL,22.89,2024-01-25 22:43:00,credit_card,0
US,3418.85,2024-02-19 03:25:00,credit_card,1
NL,333.07,2024-04-09 17:41:00,bank,0
DE,187.64,2024-05-26 21:28:00,paypal,0
UK,390.27,2024-01-24 19:19:00,bank,0
IT,102.92,2024-01-12 15:44:00,credit_card,0
FR,169.09,2024-04-12 15:45:00,paypal,0
UK,127.03,2024-03-21 05:59:00,credit_card,0
UK,59.22,2024-04-22 01:56:00,bank,0
IT,274.07,2024-01-26 00:36:00,credit_card,0
DE,385.34,2024-01-26 14:58:00,bank,0
FR,41.23,2024-06-14 18:03:00,bank,0
ES,223.25,2024-03-19 05:46:00,paypal,0
FR,396.29,2024-05-14 14:08:00,bank,0
UK,325.54,2024-01-12 11:41:00,credit_card,0
UK,247.87,2024-03-20 04:17:00,bank,0
IT,276.01,2024-03-30 06:01:00,bank,0
FR,67.56,2024-04-10 06:39:00,paypal,0
NL,201.21,2024-06-13 14:18:00,paypal,0
DE,399.44,2024-06-03 05:54:00,credit_card,0
UK,318.51,2024-04-02 14:47:00,credit_card,0
ES,374.05,2024-05-09 12:09:00,paypal,0
DE,338.92,2024-03-07 21:53:00,bank,0
UK,34.56,2024-05-22 06:32:00,credit_card,0
IT,149.48,2024-05-23 22:32:00,paypal,0
FR,251.67,2024-06-13 04:54:00,paypal,0
ES,163.99,2024-02-19 13:27:00,paypal,0
ES,48.8,2024-05-03 11:10:00,bank,0
ES,223.62,2024-03-03 13:53:00,bank,0
IT,374.34,2024-06-08 21:47:00,paypal,0
NL,113.02,2024-01-23 04:28:00,paypal,0
NL,105.62,2024-05-09 00:43:00,credit_card,0
FR,211.09,2024-04-28 09:53:00,paypal,0
NL,116.78,2024-01-19 07:12:00,paypal,0
UK,4123.83,2024-02-01 03:42:00,credit_card,1
FR,342.07,2024-01-20 09:58:00,bank,0
IT,151.55,2024-06-21 19:54:00,bank,0
DE,216.67,2024-05-18 18:03:00,paypal,0
FR,376.39,2024-04-20 20:14:00,paypal,0
FR,307.37,2024-01-06 20:45:00,paypal,0
UK,122.49,2024-01-14 06:49:00,bank,0
FR,372.89,2024-02-27 23:40:00,bank,0
IT,176.24,2024-03-06 22:25:00,credit_card,0
FR,240.04,2024-05-02 22:02:00,credit_card,0
DE,307.5,2024-01-24 08:57:00,paypal,0
IT,292.32,2024-05-08 11:34:00,paypal,0
UK,212.56,2024-02-27 02:48:00,bank,0
UK,387.52,2024-04-19 07:13:00,credit_card,0
NL,352.33,2024-06-06 06:59:00,paypal,0
FR,374.53,2024-04-13 22:55:00,paypal,0
ES,324.24,2024-04-07 23:18:00,paypal,0
FR,317.2,2024-01-05 18:50:00,credit_card,0
DE,255.54,2024-05-30 23:28:00,credit_card,0
IT,267.72,2024-03-09 03:20:00,bank,0
DE,127.0,2024-06-22 03:43:00,bank,0
ES,56.7,2024-04-27 12:14:00,bank,0
DE,398.39,2024-01-22 03:20:00,bank,0
UK,125.95,2024-04-15 20:51:00,credit_card,0
UK,187.48,2024-01-10 20:49:00,paypal,0
ES,103.9,2024-01-17 15:00:00,paypal,0
UK,32.49,2024-05-14 21:20:00,bank,0
FR,127.62,2024-05-26 19:55:00,paypal,0
DE,387.19,2024-06-28 14:24:00,paypal,0
NL,64.19,2024-02-29 17:34:00,paypal,0
NL,231.29,2024-02-17 14:44:00,paypal,0
DE,348.86,2024-05-15 18:28:00,bank,0
FR,345.29,2024-02-28 03:06:00,bank,0
NL,60.37,2024-02-03 09:40:00,bank,0
IT,213.35,2024-06-24 21:41:00,paypal,0
NL,240.2,2024-06-21 22:47:00,paypal,0
UK,277.66,2024-04-26 06:34:00,bank,0
IT,122.45,2024-04-17 03:18:00,bank,0
NL,200.05,2024-01-15 15:27:00,paypal,0
ES,16.13,2024-06-18 10:50:00,credit_card,0
NL,246.72,2024-01-16 16:40:00,credit_card,0
ES,242.16,2024-01-23 00:53:00,paypal,0
ES,376.75,2024-03-17 23:50:00,paypal,0
NL,324.43,2024-03-23 13:04:00,bank,0
UK,307.5,2024-04-04 21:35:00,bank,0
DE,13.24,2024-02-29 02:56:00,bank,0
ES,383.5,2024-04-27 11:59:00,paypal,0
UK,57.53,2024-06-05 14:38:00,paypal,0
NL,365.85,2024-01-22 10:30:00,bank,0
DE,231.77,2024-05-26 22:48:00,bank,0
FR,193.59,2024-06-19 08:41:00,credit_card,0
ES,395.58,2024-05-23 06:21:00,credit_card,0
NL,7.84,2024-05-08 20:36:00,credit_card,0
ES,74.16,2024-05-21 20:07:00,paypal,0
NL,249.15,2024-01-06 12:19:00,bank,0
DE,333.52,2024-01-14 23:14:00,bank,0
IT,261.96,2024-05-17 14:37:00,bank,0
FR,54.86,2024-05-01 20:54:00,credit_card,0
ES,327.22,2024-03-08 01:22:00,bank,0
IT,220.5,2024-04-26 20:32:00,paypal,0
NL,24.98,2024-04-08 09:51:00,credit_card,0
IT,348.49,2024-06-27 13:04:00,bank,0
DE,378.37,2024-06-28 19:06:00,bank,0
ES,136.56,2024-01-31 14:34:00,credit_card,0
DE,63.93,2024-04-12 11:05:00,credit_card,0
IT,151.95,2024-05-18 21:58:00,bank,0
UK,198.09,2024-06-12 15:18:00,paypal,0
IT,321.56,2024-05-01 12:41:00,credit_card,0
UK,185.45,2024-02-24 23:59:00,bank,0
FR,28.56,2024-05-24 07:02:00,credit_card,0
FR,291.07,2024-06-27 09:25:00,paypal,0
UK,310.97,2024-03-10 05:04:00,paypal,0
DE,25.21,2024-04-12 06:36:00,bank,0
IT,299.89,2024-03-02 15:52:00,bank,0
DE,57.9,2024-02-18 03:29:00,bank,0
DE,86.4,2024-01-19 08:49:00,credit_card,0
UK,176.42,2024-01-18 22:06:00,credit_card,0
DE,136.11,2024-01-23 15:50:00,paypal,0
DE,312.48,2024-02-09 20:07:00,credit_card,0
UK,28.94,2024-05-12 13:36:00,credit_card,0
ES,194.09,2024-03-03 00:34:00,bank,0
UK,212.65,2024-05-20 00:31:00,bank,0
ES,237.97,2024-05-26 08:19:00,paypal,0
UK,137.19,2024-03-01 00:26:00,paypal,0
ES,8.05,2024-05-15 23:45:00,credit_card,0
